{"cameraMode":{"drawMode":0,"name":"Shaded","section":"Shading Mode"},"sceneLighting":true,"audioPlay":false,"sceneViewState":{"m_AlwaysRefresh":false,"showFog":true,"showSkybox":true,"showFlares":true,"showImageEffects":true,"showParticleSystems":true,"showVisualEffectGraphs":true,"m_FxEnabled":true},"in2DMode":false,"pivot":{"x":-10.352547645568848,"y":0.9197763204574585,"z":-15.283979415893555},"rotation":{"x":-0.028975248336791993,"y":-0.9608338475227356,"z":0.11031829565763474,"w":-0.25296032428741457},"size":12.8651762008667,"orthographic":false}