{"cameraMode":{"drawMode":0,"name":"Shaded","section":"Shading Mode"},"sceneLighting":true,"audioPlay":false,"sceneViewState":{"m_AlwaysRefresh":false,"showFog":true,"showSkybox":true,"showFlares":true,"showImageEffects":true,"showParticleSystems":true,"showVisualEffectGraphs":true,"m_FxEnabled":true},"in2DMode":false,"pivot":{"x":-4.8921613693237309,"y":0.6006895303726196,"z":1.5140436887741089},"rotation":{"x":-0.07927654683589935,"y":-0.7883966565132141,"z":0.10398293286561966,"w":-0.6013913750648499},"size":5.530649185180664,"orthographic":false}