{"cameraMode":{"drawMode":0,"name":"Shaded","section":"Shading Mode"},"sceneLighting":true,"audioPlay":false,"sceneViewState":{"m_AlwaysRefresh":false,"showFog":true,"showSkybox":true,"showFlares":true,"showImageEffects":true,"showParticleSystems":true,"showVisualEffectGraphs":true,"m_FxEnabled":true},"in2DMode":false,"pivot":{"x":-8.356497764587403,"y":1.5762453079223633,"z":6.402164936065674},"rotation":{"x":-0.023312218487262727,"y":-0.9071612358093262,"z":-0.05067049711942673,"w":0.4172250032424927},"size":1.0795193910598755,"orthographic":false}