{"cameraMode":{"drawMode":0,"name":"Shaded","section":"Shading Mode"},"sceneLighting":true,"audioPlay":false,"sceneViewState":{"m_AlwaysRefresh":false,"showFog":true,"showSkybox":true,"showFlares":true,"showImageEffects":true,"showParticleSystems":true,"showVisualEffectGraphs":true,"m_FxEnabled":true},"in2DMode":false,"pivot":{"x":-18.70867156982422,"y":1.8073110580444337,"z":11.384537696838379},"rotation":{"x":-0.0005378059577196837,"y":1.0000630617141724,"z":0.007797833997756243,"w":0.013821149244904518},"size":1.1277904510498047,"orthographic":false}