{"cameraMode":{"drawMode":0,"name":"Shaded","section":"Shading Mode"},"sceneLighting":true,"audioPlay":false,"sceneViewState":{"m_AlwaysRefresh":false,"showFog":true,"showSkybox":true,"showFlares":true,"showImageEffects":true,"showParticleSystems":true,"showVisualEffectGraphs":true,"m_FxEnabled":true},"in2DMode":false,"pivot":{"x":721.77880859375,"y":261.05682373046877,"z":-587.9000854492188},"rotation":{"x":0.0075025479309260849,"y":0.0006634657620452344,"z":0.000029088867449900135,"w":-1.0000734329223633},"size":0.8660253882408142,"orthographic":false}