{"cameraMode":{"drawMode":0,"name":"Shaded","section":"Shading Mode"},"sceneLighting":true,"audioPlay":false,"sceneViewState":{"m_AlwaysRefresh":false,"showFog":true,"showSkybox":true,"showFlares":true,"showImageEffects":true,"showParticleSystems":true,"showVisualEffectGraphs":true,"m_FxEnabled":true},"in2DMode":false,"pivot":{"x":-27.186973571777345,"y":2.6085777282714845,"z":-1.8787635564804078},"rotation":{"x":0.12234095484018326,"y":-0.7499935030937195,"z":0.14495475590229035,"w":0.6338961720466614},"size":5.085155010223389,"orthographic":false}