{"cameraMode":{"drawMode":0,"name":"Shaded","section":"Shading Mode"},"sceneLighting":true,"audioPlay":false,"sceneViewState":{"m_AlwaysRefresh":false,"showFog":true,"showSkybox":true,"showFlares":true,"showImageEffects":true,"showParticleSystems":true,"showVisualEffectGraphs":true,"m_FxEnabled":true},"in2DMode":false,"pivot":{"x":1305.904296875,"y":504.4087829589844,"z":-718.7664794921875},"rotation":{"x":-0.026982389390468599,"y":0.04285619035363197,"z":0.0009962567128241063,"w":0.9987865686416626},"size":1.2873470783233643,"orthographic":false}