{"cameraMode":{"drawMode":0,"name":"Shaded","section":"Shading Mode"},"sceneLighting":true,"audioPlay":false,"sceneViewState":{"m_AlwaysRefresh":false,"showFog":true,"showSkybox":true,"showFlares":true,"showImageEffects":true,"showParticleSystems":true,"showVisualEffectGraphs":true,"m_FxEnabled":true},"in2DMode":false,"pivot":{"x":-27.68891143798828,"y":-3.7765893936157228,"z":-8.676813125610352},"rotation":{"x":-0.43839243054389956,"y":0.09059912711381912,"z":-0.044475503265857699,"w":-0.8931098580360413},"size":16.550201416015626,"orthographic":false}