{"cameraMode":{"drawMode":0,"name":"Shaded","section":"Shading Mode"},"sceneLighting":true,"audioPlay":false,"sceneViewState":{"m_AlwaysRefresh":false,"showFog":true,"showSkybox":true,"showFlares":true,"showImageEffects":true,"showParticleSystems":true,"showVisualEffectGraphs":true,"m_FxEnabled":true},"in2DMode":false,"pivot":{"x":-1.7220125198364258,"y":2.521111011505127,"z":1.917803406715393},"rotation":{"x":-0.009299409575760365,"y":-0.9784700274467468,"z":0.04523671045899391,"w":-0.2012048214673996},"size":1.5861095190048218,"orthographic":false}