{"cameraMode":{"drawMode":0,"name":"Shaded","section":"Shading Mode"},"sceneLighting":true,"audioPlay":false,"sceneViewState":{"m_AlwaysRefresh":false,"showFog":true,"showSkybox":true,"showFlares":true,"showImageEffects":true,"showParticleSystems":true,"showVisualEffectGraphs":true,"m_FxEnabled":true},"in2DMode":false,"pivot":{"x":-28.362390518188478,"y":12.099842071533204,"z":-6.245359420776367},"rotation":{"x":0.48955637216567995,"y":-0.5105485320091248,"z":0.49576255679130556,"w":0.5041477680206299},"size":32.124332427978519,"orthographic":false}